Company,Revenue,Operating_Profit,Net_Profit,Equity,Assets,Capital_Employed,Net_Profit_Margin,Operating_Profit_Margin,ROE,ROA,ROCE,Net_Profit_Margin_score,Operating_Profit_Margin_score,ROE_score,ROA_score,ROCE_score,KPI_Score,Rank
ABC Ltd,1000,200,120,500,2000,900,0.12,0.2,0.24,0.06,0.2222222222222222,0.0,0.0,0.5999999999999995,0.0,0.0,0.14999999999999988,3.0
XYZ Ltd,1500,300,180,800,2500,1200,0.12,0.2,0.225,0.072,0.25,0.0,0.0,0.0,1.0,1.0,0.35,2.0
PQR Ltd,1200,250,150,600,2300,1000,0.125,0.20833333333333334,0.25,0.06521739130434782,0.25,1.0,1.0,1.0,0.43478260869565233,1.0,0.915217391304348,1.0
